{
"apiVersion": "V2",
"assemblies": [
{
  "files": [
    {
      "filePath": "data_report.jsonl",
      "fileType": "DATA_REPORT",
      "uncompressedLengthBytes": "2480"
    },
    {
      "filePath": "cds.fna",
      "fileType": "CDS_NUCLEOTIDE_FASTA",
      "uncompressedLengthBytes": "4937"
    },
    {
      "filePath": "genomic.fna",
      "fileType": "GENOMIC_NUCLEOTIDE_FASTA",
      "uncompressedLengthBytes": "3210"
    },
    {
      "filePath": "protein.faa",
      "fileType": "PROTEIN_FASTA",
      "uncompressedLengthBytes": "1864"
    },
    {
      "filePath": "virus_dataset.md",
      "fileType": "README",
      "uncompressedLengthBytes": "2431"
    }
  ]
}]}
