{
"apiVersion": "V2",
"assemblies": [
{
  "files": [
    {
      "filePath": "data_report.jsonl",
      "fileType": "DATA_REPORT",
      "uncompressedLengthBytes": "2479"
    },
    {
      "filePath": "cds.fna",
      "fileType": "CDS_NUCLEOTIDE_FASTA",
      "uncompressedLengthBytes": "4983"
    },
    {
      "filePath": "genomic.fna",
      "fileType": "GENOMIC_NUCLEOTIDE_FASTA",
      "uncompressedLengthBytes": "3213"
    },
    {
      "filePath": "protein.faa",
      "fileType": "PROTEIN_FASTA",
      "uncompressedLengthBytes": "1887"
    },
    {
      "filePath": "virus_dataset.md",
      "fileType": "README",
      "uncompressedLengthBytes": "2431"
    }
  ]
}]}
