Oligo	TargetCounts	BackgroundCounts	NormalizationFactor
A	24.71%	24.73%	0.999
C	25.29%	25.27%	1.001
G	25.29%	25.27%	1.001
T	24.71%	24.73%	0.999
AA	7.07%	6.17%	1.145
CA	7.16%	6.19%	1.155
GA	6.34%	6.32%	1.003
TA	4.15%	6.05%	0.686
AC	5.60%	6.18%	0.907
CC	7.76%	6.51%	1.192
GC	5.59%	6.26%	0.892
TC	6.34%	6.32%	1.003
AG	6.68%	6.31%	1.059
CG	3.70%	6.25%	0.592
GG	7.76%	6.51%	1.192
TG	7.16%	6.19%	1.155
AT	5.34%	6.07%	0.881
CT	6.68%	6.31%	1.059
GT	5.60%	6.18%	0.907
TT	7.07%	6.17%	1.145
AAA	2.14%	1.57%	1.370
CAA	2.08%	1.53%	1.362
GAA	1.83%	1.58%	1.156
TAA	1.02%	1.50%	0.679
ACA	1.84%	1.52%	1.209
CCA	2.27%	1.58%	1.442
GCA	1.72%	1.55%	1.109
TCA	1.32%	1.55%	0.856
AGA	1.89%	1.59%	1.193
CGA	0.81%	1.54%	0.525
GGA	2.31%	1.65%	1.405
TGA	1.32%	1.55%	0.856
ATA	1.12%	1.50%	0.746
CTA	0.98%	1.53%	0.640
GTA	1.04%	1.52%	0.681
TTA	1.02%	1.50%	0.679
AAC	1.68%	1.52%	1.107
CAC	1.54%	1.58%	0.979
GAC	1.34%	1.56%	0.861
TAC	1.04%	1.52%	0.681
ACC	1.61%	1.57%	1.028
CCC	2.19%	1.71%	1.278
GCC	1.65%	1.58%	1.040
TCC	2.31%	1.65%	1.405
AGC	1.32%	1.54%	0.856
CGC	0.90%	1.59%	0.569
GGC	1.65%	1.58%	1.040
TGC	1.72%	1.55%	1.109
ATC	1.30%	1.54%	0.843
CTC	1.86%	1.64%	1.136
GTC	1.34%	1.56%	0.861
TTC	1.83%	1.58%	1.156
AAG	1.77%	1.59%	1.112
CAG	2.08%	1.56%	1.333
GAG	1.86%	1.64%	1.136
TAG	0.98%	1.53%	0.640
ACG	0.89%	1.55%	0.573
CCG	1.10%	1.57%	0.700
GCG	0.90%	1.59%	0.569
TCG	0.81%	1.54%	0.525
AGG	2.20%	1.65%	1.334
CGG	1.10%	1.57%	0.700
GGG	2.19%	1.71%	1.278
TGG	2.27%	1.58%	1.442
ATG	1.45%	1.53%	0.947
CTG	2.08%	1.56%	1.333
GTG	1.54%	1.58%	0.979
TTG	2.08%	1.53%	1.362
AAT	1.48%	1.50%	0.987
CAT	1.45%	1.53%	0.947
GAT	1.30%	1.54%	0.843
TAT	1.12%	1.50%	0.746
ACT	1.27%	1.54%	0.823
CCT	2.20%	1.65%	1.334
GCT	1.32%	1.54%	0.856
TCT	1.89%	1.59%	1.193
AGT	1.27%	1.54%	0.823
CGT	0.89%	1.55%	0.573
GGT	1.61%	1.57%	1.028
TGT	1.84%	1.52%	1.209
ATT	1.48%	1.50%	0.987
CTT	1.77%	1.59%	1.112
GTT	1.68%	1.52%	1.107
TTT	2.14%	1.57%	1.370
